[
  {
    "family": "Raleway",
    "fonts": [
      {
        "asset": "fonts/Raleway-Regular.ttf"
      },
      {
        "asset": "fonts/Raleway-Italic.ttf",
        "style": "italic"
      }
    ]
  },
  {
    "family": "RobotoMono",
    "fonts": [
      {
        "asset": "fonts/RobotoMono-Regular.ttf"
      },
      {
        "asset": "fonts/RobotoMono-Bold.ttf",
        "weight": 700
      }
    ]
  },
  {
    "family": "MaterialIcons",
    "fonts": [
      {
        "asset": "https://fonts.gstatic.com/s/materialicons/v42/flUhRq6tzZclQEJ-Vdg-IuiaDsNcIhQ8tQ.woff2"
      }
    ]
  }

]
